{
    "time_data": {
        "time_start": 1748302857.8815181,
        "time_end": 1748302870.0129416,
        "time_exec": 12131.423473358154
    }
}