{
    "info": {
        "constraint_labels": [
            "constraint_add-round-1-cut-1",
            "constraint_add-round-1-cut-0"
        ],
        "qpu_access_time": 31982,
        "charge_time": 4953649,
        "run_time": 4953649,
        "problem_id": "090cf730-9ae3-4292-9c75-ad968ee7af3e",
        "problem_label": "HQCBD-mul-cuts"
    },
    "wait_id": "090cf730-9ae3-4292-9c75-ad968ee7af3e",
    "time_data": {
        "time_start": 1736214182.122226,
        "time_end": 1736214183.960067,
        "time_exec": 1837.8410339355469
    }
}