{
    "info": {
        "constraint_labels": [],
        "qpu_access_time": 15979,
        "charge_time": 4297458,
        "run_time": 4297458,
        "problem_id": "36483102-f97a-4670-bc53-15b4fff9479b",
        "problem_label": "HQCBD-mul-cuts"
    },
    "wait_id": "36483102-f97a-4670-bc53-15b4fff9479b",
    "time_data": {
        "time_start": 1736214174.0410988,
        "time_end": 1736214175.9032617,
        "time_exec": 1862.1628284454346
    }
}