{
    "Runtime": 0.0,
    "RunVtime": 14063.076923076924,
    "time_data": {
        "time_start": 1748302835.1585336,
        "time_end": 1748302835.1585336,
        "time_exec": 0.0
    }
}