{
    "Runtime": 0.002000093460083008,
    "RunVtime": 67101.55923076924,
    "time_data": {
        "time_start": 1748302835.2451756,
        "time_end": 1748302835.2471771,
        "time_exec": 2.001523971557617
    }
}