{
    "Runtime": 0.0009999275207519531,
    "RunVtime": 41260.826923076915,
    "time_data": {
        "time_start": 1747166529.0054698,
        "time_end": 1747166529.0074694,
        "time_exec": 1.9996166229248047
    }
}