{
    "Runtime": 0.0019998550415039062,
    "RunVtime": 41260.826923076915,
    "time_data": {
        "time_start": 1747094821.1647434,
        "time_end": 1747094821.166723,
        "time_exec": 1.9795894622802734
    }
}