{
    "Runtime": 0.0010013580322265625,
    "RunVtime": 66021.95923076922,
    "time_data": {
        "time_start": 1736214155.0519912,
        "time_end": 1736214155.0529914,
        "time_exec": 1.0001659393310547
    }
}