{
    "Runtime": 0.0009999275207519531,
    "RunVtime": 41260.826923076915,
    "time_data": {
        "time_start": 1748302835.2006633,
        "time_end": 1748302835.2026663,
        "time_exec": 2.0029544830322266
    }
}