{
    "Runtime": 0.0,
    "RunVtime": 1638.0,
    "time_data": {
        "time_start": 1736214155.0299706,
        "time_end": 1736214155.0299706,
        "time_exec": 0.0
    }
}