{
    "Runtime": 0.0,
    "RunVtime": 1638.0,
    "time_data": {
        "time_start": 1747166528.9041874,
        "time_end": 1747166528.9041874,
        "time_exec": 0.0
    }
}