{
    "Runtime": 0.0,
    "RunVtime": 14063.076923076924,
    "time_data": {
        "time_start": 1747166528.9679072,
        "time_end": 1747166528.9679072,
        "time_exec": 0.0
    }
}