{
    "Runtime": 0.0,
    "RunVtime": 6547.105263157895,
    "time_data": {
        "time_start": 1728628068.571989,
        "time_end": 1728628068.571989,
        "time_exec": 0.0
    }
}