{
    "Runtime": 0.0,
    "RunVtime": 1638.0,
    "time_data": {
        "time_start": 1747094821.0936282,
        "time_end": 1747094821.0936282,
        "time_exec": 0.0
    }
}