{
    "Runtime": 0.0,
    "RunVtime": 12340.052631578948,
    "time_data": {
        "time_start": 1728628068.6255364,
        "time_end": 1728628068.6255364,
        "time_exec": 0.0
    }
}