{
    "Runtime": 0.0019998550415039062,
    "RunVtime": 67101.55923076924,
    "time_data": {
        "time_start": 1747094821.2029457,
        "time_end": 1747094821.2059274,
        "time_exec": 2.9816627502441406
    }
}