{
    "Runtime": 0.0020008087158203125,
    "RunVtime": 44493.52692307692,
    "time_data": {
        "time_start": 1736214155.0429823,
        "time_end": 1736214155.044984,
        "time_exec": 2.0017623901367188
    }
}