{
    "Runtime": 0.0,
    "RunVtime": 1638.0,
    "time_data": {
        "time_start": 1748302835.1133163,
        "time_end": 1748302835.1133163,
        "time_exec": 0.0
    }
}