{
    "Runtime": 0.0,
    "RunVtime": 6547.105263157895,
    "time_data": {
        "time_start": 1728089569.0804737,
        "time_end": 1728089569.0804737,
        "time_exec": 0.0
    }
}