{
    "Runtime": 0.0019998550415039062,
    "RunVtime": 67101.55923076924,
    "time_data": {
        "time_start": 1747166529.0488706,
        "time_end": 1747166529.0508716,
        "time_exec": 2.001047134399414
    }
}