{
    "Runtime": 0.0009999275207519531,
    "RunVtime": 14063.076923076924,
    "time_data": {
        "time_start": 1747094821.1285899,
        "time_end": 1747094821.1295896,
        "time_exec": 0.9996891021728516
    }
}