{
    "Runtime": 0.0,
    "RunVtime": 13975.076923076924,
    "time_data": {
        "time_start": 1736214155.0369768,
        "time_end": 1736214155.0369768,
        "time_exec": 0.0
    }
}