{
    "time_data": {
        "time_start": 1748303179.34915,
        "time_end": 1748303194.373588,
        "time_exec": 15024.43814277649
    }
}