{
    "time_data": {
        "time_start": 1748303171.1918175,
        "time_end": 1748303179.3174853,
        "time_exec": 8125.6678104400635
    }
}