{
    "time_data": {
        "time_start": 1748303194.4077265,
        "time_end": 1748303213.614294,
        "time_exec": 19206.567525863647
    }
}