{
    "time_data": {
        "time_start": 1748303213.6479456,
        "time_end": 1748303237.0490544,
        "time_exec": 23401.108741760254
    }
}